[
    {
      "empId": 1,
      "empName": "Pooja",
      "empSalary": 20000,
      "empDepartment": "GE"
    },
    {
      "empId": 2,
      "empName": "Riya",
      "empSalary": 30000,
      "empDepartment": "AppsNA"
    },
    {
      "empId": 3,
      "empName": "Ram",
      "empSalary": 30000,
      "empDepartment": "AppsTwo"
    },
	{
      "empId": 4,
      "empName": "Ritu",
      "empSalary": 40000,
      "empDepartment": "GE"
    },
	{
      "empId": 5,
      "empName": "Raj",
      "empSalary": 30000,
      "empDepartment": "PBS"
    }
    
]
